Madeira;Res. Solo;Fb;Fv;E;Densid.;Leff_Final_m;Leff_Flexao_m;Leff_Cisalhamento_m;Leff_Deformacao_m;Comprimento_Ativo_%;Capacidade_Solo_Utilizada_%;Pressao_Area_Total_kgf/cm2;Pressao_Dispersao_45_kgf/cm2
;kgf/cm²;Mpa;Mpa;Gpa;kg/m³;;;;;;;;
;;;;;;;;;;;;;
C14;0.4;14;3.0;7;290;6.58;7.19;31.87;6.58;156.1;161.6;1.01;7.01
C14;0.6;14;3.0;7;290;5.83;5.97;21.65;5.83;138.3;121.6;1.01;7.01
C14;0.8;14;3.0;7;290;5.25;5.25;16.53;5.35;124.5;101.3;1.01;7.01
C14;1.0;14;3.0;7;290;4.75;4.75;13.47;5.01;112.7;89.5;1.01;7.01
C14;1.2;14;3.0;7;290;4.39;4.39;11.42;4.75;104.1;80.7;1.01;7.01
C14;1.4;14;3.0;7;290;4.11;4.11;9.96;4.54;97.5;73.9;1.01;7.01
C14;1.6;14;3.0;7;290;3.88;3.88;8.87;4.37;92.0;68.5;1.01;7.01
C14;1.8;14;3.0;7;290;3.69;3.69;8.01;4.22;87.5;64.0;1.01;7.01
C14;2.0;14;3.0;7;290;3.53;3.53;7.33;4.10;83.7;60.2;1.01;7.01
C14;2.2;14;3.0;7;290;3.40;3.40;6.77;3.99;80.6;56.9;1.01;7.01
C14;2.4;14;3.0;7;290;3.28;3.28;6.31;3.89;77.8;54.0;1.01;7.01
C14;2.6;14;3.0;7;290;3.17;3.17;5.92;3.81;75.2;51.6;1.01;7.01
C14;2.8;14;3.0;7;290;3.08;3.08;5.58;3.73;73.1;49.3;1.01;7.01
C14;3.0;14;3.0;7;290;2.99;2.99;5.29;3.66;70.9;47.4;1.01;7.01
C14;3.2;14;3.0;7;290;2.92;2.92;5.03;3.59;69.3;45.5;1.01;7.01
C14;3.4;14;3.0;7;290;2.85;2.85;4.81;3.53;67.6;43.9;1.01;7.01
C14;3.6;14;3.0;7;290;2.78;2.78;4.61;3.48;65.9;42.5;1.01;7.01
C14;3.8;14;3.0;7;290;2.73;2.73;4.43;3.42;64.8;41.0;1.01;7.01
C14;4.0;14;3.0;7;290;2.67;2.67;4.26;3.38;63.3;39.8;1.01;7.01
C14;4.2;14;3.0;7;290;2.62;2.62;4.12;3.33;62.1;38.6;1.01;7.01
C14;4.4;14;3.0;7;290;2.58;2.58;3.99;3.29;61.2;37.5;1.01;7.01
C14;4.6;14;3.0;7;290;2.53;2.53;3.86;3.25;60.0;36.5;1.01;7.01
C14;4.8;14;3.0;7;290;2.49;2.49;3.75;3.21;59.1;35.6;1.01;7.01
C14;5.0;14;3.0;7;290;2.45;2.45;3.65;3.18;58.1;34.7;1.01;7.01
C16;0.4;16;3.2;8;310;6.85;7.64;33.91;6.85;162.5;155.3;1.01;7.01
C16;0.6;16;3.2;8;310;6.06;6.34;23.01;6.06;143.7;117.0;1.01;7.01
C16;0.8;16;3.2;8;310;5.56;5.57;17.56;5.56;131.9;95.7;1.01;7.01
C16;1.0;16;3.2;8;310;5.04;5.04;14.28;5.21;119.5;84.4;1.01;7.01
C16;1.2;16;3.2;8;310;4.65;4.65;12.10;4.94;110.3;76.3;1.01;7.01
C16;1.4;16;3.2;8;310;4.35;4.35;10.54;4.72;103.2;69.9;1.01;7.01
C16;1.6;16;3.2;8;310;4.11;4.11;9.38;4.54;97.5;64.7;1.01;7.01
C16;1.8;16;3.2;8;310;3.91;3.91;8.47;4.39;92.7;60.5;1.01;7.01
C16;2.0;16;3.2;8;310;3.74;3.74;7.74;4.26;88.7;56.9;1.01;7.01
C16;2.2;16;3.2;8;310;3.59;3.59;7.15;4.14;85.2;53.9;1.01;7.01
C16;2.4;16;3.2;8;310;3.46;3.46;6.65;4.04;82.1;51.2;1.01;7.01
C16;2.6;16;3.2;8;310;3.35;3.35;6.23;3.95;79.5;48.9;1.01;7.01
C16;2.8;16;3.2;8;310;3.25;3.25;5.87;3.87;77.1;46.8;1.01;7.01
C16;3.0;16;3.2;8;310;3.16;3.16;5.56;3.80;75.0;44.9;1.01;7.01
C16;3.2;16;3.2;8;310;3.08;3.08;5.29;3.73;73.1;43.2;1.01;7.01
C16;3.4;16;3.2;8;310;3.00;3.00;5.05;3.66;71.2;41.7;1.01;7.01
C16;3.6;16;3.2;8;310;2.94;2.94;4.83;3.61;69.7;40.2;1.01;7.01
C16;3.8;16;3.2;8;310;2.87;2.87;4.64;3.55;68.1;39.0;1.01;7.01
C16;4.0;16;3.2;8;310;2.82;2.82;4.47;3.50;66.9;37.7;1.01;7.01
C16;4.2;16;3.2;8;310;2.76;2.76;4.31;3.46;65.5;36.7;1.01;7.01
C16;4.4;16;3.2;8;310;2.71;2.71;4.17;3.41;64.3;35.7;1.01;7.01
C16;4.6;16;3.2;8;310;2.67;2.67;4.04;3.37;63.3;34.6;1.01;7.01
C16;4.8;16;3.2;8;310;2.62;2.62;3.92;3.33;62.1;33.8;1.01;7.01
C16;5.0;16;3.2;8;310;2.58;2.58;3.81;3.29;61.2;33.0;1.01;7.01
C18;0.4;18;3.4;9;320;7.10;8.07;35.96;7.10;168.4;149.9;1.01;7.01
C18;0.6;18;3.4;9;320;6.28;6.69;24.37;6.28;149.0;113.0;1.01;7.01
C18;0.8;18;3.4;9;320;5.76;5.87;18.58;5.76;136.6;92.4;1.01;7.01
C18;1.0;18;3.4;9;320;5.31;5.31;15.10;5.39;125.9;80.2;1.01;7.01
C18;1.2;18;3.4;9;320;4.90;4.90;12.78;5.11;116.2;72.4;1.01;7.01
C18;1.4;18;3.4;9;320;4.58;4.58;11.13;4.88;108.6;66.4;1.01;7.01
C18;1.6;18;3.4;9;320;4.32;4.32;9.89;4.70;102.5;61.6;1.01;7.01
C18;1.8;18;3.4;9;320;4.11;4.11;8.92;4.54;97.5;57.5;1.01;7.01
C18;2.0;18;3.4;9;320;3.93;3.93;8.15;4.40;93.2;54.2;1.01;7.01
C18;2.2;18;3.4;9;320;3.77;3.77;7.52;4.29;89.4;51.3;1.01;7.01
C18;2.4;18;3.4;9;320;3.64;3.64;6.99;4.18;86.3;48.7;1.01;7.01
C18;2.6;18;3.4;9;320;3.52;3.52;6.54;4.09;83.5;46.5;1.01;7.01
C18;2.8;18;3.4;9;320;3.41;3.41;6.16;4.00;80.9;44.6;1.01;7.01
C18;3.0;18;3.4;9;320;3.31;3.31;5.83;3.92;78.5;42.9;1.01;7.01
C18;3.2;18;3.4;9;320;3.23;3.23;5.54;3.85;76.6;41.2;1.01;7.01
C18;3.4;18;3.4;9;320;3.15;3.15;5.29;3.79;74.7;39.7;1.01;7.01
C18;3.6;18;3.4;9;320;3.08;3.08;5.06;3.73;73.1;38.4;1.01;7.01
C18;3.8;18;3.4;9;320;3.01;3.01;4.86;3.67;71.4;37.2;1.01;7.01
C18;4.0;18;3.4;9;320;2.95;2.95;4.67;3.62;70.0;36.1;1.01;7.01
C18;4.2;18;3.4;9;320;2.89;2.89;4.51;3.57;68.5;35.1;1.01;7.01
C18;4.4;18;3.4;9;320;2.84;2.84;4.36;3.52;67.4;34.1;1.01;7.01
C18;4.6;18;3.4;9;320;2.79;2.79;4.22;3.48;66.2;33.2;1.01;7.01
C18;4.8;18;3.4;9;320;2.74;2.74;4.09;3.44;65.0;32.4;1.01;7.01
C18;5.0;18;3.4;9;320;2.70;2.70;3.98;3.40;64.0;31.5;1.01;7.01
C20;0.4;20;3.6;9.5;330;7.22;8.47;38.00;7.22;171.3;147.4;1.01;7.02
C20;0.6;20;3.6;9.5;330;6.39;7.02;25.73;6.39;151.6;111.0;1.01;7.02
C20;0.8;20;3.6;9.5;330;5.86;6.15;19.60;5.86;139.0;90.8;1.01;7.02
C20;1.0;20;3.6;9.5;330;5.48;5.56;15.92;5.48;130.0;77.7;1.01;7.02
C20;1.2;20;3.6;9.5;330;5.13;5.13;13.46;5.19;121.7;69.2;1.01;7.02
C20;1.4;20;3.6;9.5;330;4.79;4.79;11.71;4.96;113.6;63.5;1.01;7.02
C20;1.6;20;3.6;9.5;330;4.52;4.52;10.40;4.77;107.2;58.9;1.01;7.02
C20;1.8;20;3.6;9.5;330;4.30;4.30;9.38;4.61;102.0;55.0;1.01;7.02
C20;2.0;20;3.6;9.5;330;4.11;4.11;8.56;4.47;97.5;51.8;1.01;7.02
C20;2.2;20;3.6;9.5;330;3.94;3.94;7.89;4.35;93.5;49.1;1.01;7.02
C20;2.4;20;3.6;9.5;330;3.80;3.80;7.33;4.24;90.1;46.7;1.01;7.02
C20;2.6;20;3.6;9.5;330;3.67;3.67;6.86;4.15;87.0;44.6;1.01;7.02
C20;2.8;20;3.6;9.5;330;3.56;3.56;6.45;4.06;84.4;42.7;1.01;7.02
C20;3.0;20;3.6;9.5;330;3.46;3.46;6.10;3.98;82.1;41.0;1.01;7.02
C20;3.2;20;3.6;9.5;330;3.37;3.37;5.80;3.91;79.9;39.5;1.01;7.02
C20;3.4;20;3.6;9.5;330;3.29;3.29;5.53;3.85;78.0;38.1;1.01;7.02
C20;3.6;20;3.6;9.5;330;3.21;3.21;5.29;3.78;76.1;36.8;1.01;7.02
C20;3.8;20;3.6;9.5;330;3.14;3.14;5.07;3.73;74.5;35.7;1.01;7.02
C20;4.0;20;3.6;9.5;330;3.08;3.08;4.88;3.67;73.1;34.6;1.01;7.02
C20;4.2;20;3.6;9.5;330;3.02;3.02;4.70;3.62;71.6;33.6;1.01;7.02
C20;4.4;20;3.6;9.5;330;2.96;2.96;4.54;3.58;70.2;32.7;1.01;7.02
C20;4.6;20;3.6;9.5;330;2.91;2.91;4.40;3.53;69.0;31.8;1.01;7.02
C20;4.8;20;3.6;9.5;330;2.86;2.86;4.26;3.49;67.8;31.0;1.01;7.02
C20;5.0;20;3.6;9.5;330;2.82;2.82;4.14;3.45;66.9;30.2;1.01;7.02
C22;0.4;22;3.8;10;340;7.34;8.85;40.04;7.34;174.1;145.1;1.01;7.02
C22;0.6;22;3.8;10;340;6.49;7.33;27.09;6.49;153.9;109.4;1.01;7.02
C22;0.8;22;3.8;10;340;5.95;6.42;20.62;5.95;141.1;89.5;1.01;7.02
C22;1.0;22;3.8;10;340;5.56;5.81;16.73;5.56;131.9;76.6;1.01;7.02
C22;1.2;22;3.8;10;340;5.27;5.35;14.14;5.27;125.0;67.3;1.01;7.02
C22;1.4;22;3.8;10;340;5.00;5.00;12.30;5.04;118.6;60.8;1.01;7.02
C22;1.6;22;3.8;10;340;4.71;4.71;10.91;4.84;111.7;56.5;1.01;7.02
C22;1.8;22;3.8;10;340;4.48;4.48;9.83;4.68;106.3;52.8;1.01;7.02
C22;2.0;22;3.8;10;340;4.28;4.28;8.97;4.54;101.5;49.8;1.01;7.02
C22;2.2;22;3.8;10;340;4.11;4.11;8.26;4.42;97.5;47.1;1.01;7.02
C22;2.4;22;3.8;10;340;3.96;3.96;7.67;4.31;93.9;44.8;1.01;7.02
C22;2.6;22;3.8;10;340;3.82;3.82;7.17;4.21;90.6;42.9;1.01;7.02
C22;2.8;22;3.8;10;340;3.71;3.71;6.75;4.12;88.0;41.0;1.01;7.02
C22;3.0;22;3.8;10;340;3.60;3.60;6.38;4.04;85.4;39.4;1.01;7.02
C22;3.2;22;3.8;10;340;3.51;3.51;6.05;3.97;83.3;37.9;1.01;7.02
C22;3.4;22;3.8;10;340;3.42;3.42;5.77;3.90;81.1;36.6;1.01;7.02
C22;3.6;22;3.8;10;340;3.34;3.34;5.51;3.84;79.2;35.4;1.01;7.02
C22;3.8;22;3.8;10;340;3.27;3.27;5.29;3.78;77.6;34.3;1.01;7.02
C22;4.0;22;3.8;10;340;3.20;3.20;5.08;3.73;75.9;33.3;1.01;7.02
C22;4.2;22;3.8;10;340;3.14;3.14;4.90;3.68;74.5;32.3;1.01;7.02
C22;4.4;22;3.8;10;340;3.08;3.08;4.73;3.63;73.1;31.4;1.01;7.02
C22;4.6;22;3.8;10;340;3.02;3.02;4.58;3.58;71.6;30.7;1.01;7.02
C22;4.8;22;3.8;10;340;2.97;2.97;4.43;3.54;70.4;29.9;1.01;7.02
C22;5.0;22;3.8;10;340;2.92;2.92;4.31;3.50;69.3;29.2;1.01;7.02
C24;0.4;24;4.0;11;350;7.55;9.22;42.08;7.55;179.1;141.1;1.01;7.02
C24;0.6;24;4.0;11;350;6.68;7.63;28.45;6.68;158.4;106.3;1.01;7.02
C24;0.8;24;4.0;11;350;6.12;6.68;21.64;6.12;145.2;87.0;1.01;7.02
C24;1.0;24;4.0;11;350;5.72;6.04;17.55;5.72;135.7;74.5;1.01;7.02
C24;1.2;24;4.0;11;350;5.42;5.56;14.83;5.42;128.6;65.5;1.01;7.02
C24;1.4;24;4.0;11;350;5.18;5.19;12.88;5.18;122.9;58.7;1.01;7.02
C24;1.6;24;4.0;11;350;4.90;4.90;11.42;4.98;116.2;54.3;1.01;7.02
C24;1.8;24;4.0;11;350;4.65;4.65;10.28;4.81;110.3;50.9;1.01;7.02
C24;2.0;24;4.0;11;350;4.44;4.44;9.37;4.67;105.3;48.0;1.01;7.02
C24;2.2;24;4.0;11;350;4.26;4.26;8.63;4.54;101.0;45.5;1.01;7.02
C24;2.4;24;4.0;11;350;4.11;4.11;8.01;4.43;97.5;43.2;1.01;7.02
C24;2.6;24;4.0;11;350;3.97;3.97;7.49;4.33;94.2;41.3;1.01;7.02
C24;2.8;24;4.0;11;350;3.84;3.84;7.04;4.24;91.1;39.6;1.01;7.02
C24;3.0;24;4.0;11;350;3.73;3.73;6.65;4.15;88.5;38.1;1.01;7.02
C24;3.2;24;4.0;11;350;3.63;3.63;6.31;4.08;86.1;36.7;1.01;7.02
C24;3.4;24;4.0;11;350;3.54;3.54;6.01;4.01;84.0;35.4;1.01;7.02
C24;3.6;24;4.0;11;350;3.46;3.46;5.74;3.94;82.1;34.2;1.01;7.02
C24;3.8;24;4.0;11;350;3.38;3.38;5.50;3.88;80.2;33.2;1.01;7.02
C24;4.0;24;4.0;11;350;3.31;3.31;5.29;3.83;78.5;32.2;1.01;7.02
C24;4.2;24;4.0;11;350;3.25;3.25;5.09;3.78;77.1;31.2;1.01;7.02
C24;4.4;24;4.0;11;350;3.19;3.19;4.91;3.73;75.7;30.4;1.01;7.02
C24;4.6;24;4.0;11;350;3.13;3.13;4.75;3.68;74.2;29.6;1.01;7.02
C24;4.8;24;4.0;11;350;3.08;3.08;4.60;3.64;73.1;28.8;1.01;7.02
C24;5.0;24;4.0;11;350;3.03;3.03;4.47;3.60;71.9;28.1;1.01;7.02
C27;0.4;27;4.0;12;370;7.76;9.74;42.09;7.76;184.1;137.3;1.01;7.02
C27;0.6;27;4.0;12;370;6.85;8.06;28.46;6.85;162.5;103.7;1.01;7.02
C27;0.8;27;4.0;12;370;6.28;7.05;21.64;6.28;149.0;84.8;1.01;7.02
C27;1.0;27;4.0;12;370;5.88;6.37;17.55;5.88;139.5;72.5;1.01;7.02
C27;1.2;27;4.0;12;370;5.56;5.86;14.83;5.56;131.9;63.9;1.01;7.02
C27;1.4;27;4.0;12;370;5.32;5.47;12.88;5.32;126.2;57.2;1.01;7.02
C27;1.6;27;4.0;12;370;5.11;5.16;11.42;5.11;121.2;52.1;1.01;7.02
C27;1.8;27;4.0;12;370;4.89;4.89;10.28;4.94;116.0;48.4;1.01;7.02
C27;2.0;27;4.0;12;370;4.67;4.67;9.38;4.79;110.8;45.6;1.01;7.02
C27;2.2;27;4.0;12;370;4.48;4.48;8.63;4.66;106.3;43.2;1.01;7.02
C27;2.4;27;4.0;12;370;4.32;4.32;8.01;4.54;102.5;41.1;1.01;7.02
C27;2.6;27;4.0;12;370;4.17;4.17;7.49;4.44;98.9;39.3;1.01;7.02
C27;2.8;27;4.0;12;370;4.04;4.04;7.04;4.34;95.8;37.7;1.01;7.02
C27;3.0;27;4.0;12;370;3.92;3.92;6.65;4.26;93.0;36.2;1.01;7.02
C27;3.2;27;4.0;12;370;3.82;3.82;6.31;4.18;90.6;34.9;1.01;7.02
C27;3.4;27;4.0;12;370;3.72;3.72;6.01;4.11;88.2;33.7;1.01;7.02
C27;3.6;27;4.0;12;370;3.63;3.63;5.74;4.04;86.1;32.6;1.01;7.02
C27;3.8;27;4.0;12;370;3.55;3.55;5.50;3.98;84.2;31.6;1.01;7.02
C27;4.0;27;4.0;12;370;3.48;3.48;5.29;3.92;82.5;30.6;1.01;7.02
C27;4.2;27;4.0;12;370;3.41;3.41;5.09;3.87;80.9;29.8;1.01;7.02
C27;4.4;27;4.0;12;370;3.34;3.34;4.91;3.82;79.2;29.0;1.01;7.02
C27;4.6;27;4.0;12;370;3.28;3.28;4.75;3.77;77.8;28.3;1.01;7.02
C27;4.8;27;4.0;12;370;3.23;3.23;4.61;3.73;76.6;27.5;1.01;7.02
C27;5.0;27;4.0;12;370;3.17;3.17;4.47;3.68;75.2;26.9;1.01;7.02
C30;0.4;30;4.0;12;380;7.76;10.23;42.09;7.76;184.1;137.4;1.01;7.03
C30;0.6;30;4.0;12;380;6.85;8.46;28.46;6.85;162.5;103.7;1.01;7.03
C30;0.8;30;4.0;12;380;6.28;7.40;21.64;6.28;149.0;84.9;1.01;7.03
C30;1.0;30;4.0;12;380;5.88;6.68;17.55;5.88;139.5;72.5;1.01;7.03
C30;1.2;30;4.0;12;380;5.56;6.15;14.83;5.56;131.9;63.9;1.01;7.03
C30;1.4;30;4.0;12;380;5.32;5.73;12.88;5.32;126.2;57.2;1.01;7.03
C30;1.6;30;4.0;12;380;5.11;5.40;11.42;5.11;121.2;52.2;1.01;7.03
C30;1.8;30;4.0;12;380;4.94;5.13;10.28;4.94;117.2;48.0;1.01;7.03
C30;2.0;30;4.0;12;380;4.79;4.89;9.38;4.79;113.6;44.5;1.01;7.03
C30;2.2;30;4.0;12;380;4.66;4.69;8.63;4.66;110.5;41.6;1.01;7.03
C30;2.4;30;4.0;12;380;4.52;4.52;8.01;4.54;107.2;39.3;1.01;7.03
C30;2.6;30;4.0;12;380;4.36;4.36;7.49;4.44;103.4;37.6;1.01;7.03
C30;2.8;30;4.0;12;380;4.23;4.23;7.04;4.34;100.3;36.0;1.01;7.03
C30;3.0;30;4.0;12;380;4.10;4.10;6.65;4.26;97.2;34.7;1.01;7.03
C30;3.2;30;4.0;12;380;3.99;3.99;6.31;4.18;94.6;33.4;1.01;7.03
C30;3.4;30;4.0;12;380;3.89;3.89;6.01;4.11;92.3;32.2;1.01;7.03
C30;3.6;30;4.0;12;380;3.80;3.80;5.74;4.04;90.1;31.2;1.01;7.03
C30;3.8;30;4.0;12;380;3.71;3.71;5.50;3.98;88.0;30.2;1.01;7.03
C30;4.0;30;4.0;12;380;3.63;3.63;5.29;3.92;86.1;29.4;1.01;7.03
C30;4.2;30;4.0;12;380;3.56;3.56;5.09;3.87;84.4;28.5;1.01;7.03
C30;4.4;30;4.0;12;380;3.49;3.49;4.92;3.82;82.8;27.8;1.01;7.03
C30;4.6;30;4.0;12;380;3.43;3.43;4.75;3.77;81.4;27.0;1.01;7.03
C30;4.8;30;4.0;12;380;3.37;3.37;4.61;3.73;79.9;26.4;1.01;7.03
C30;5.0;30;4.0;12;380;3.31;3.31;4.47;3.68;78.5;25.8;1.01;7.03
C35;0.4;35;4.0;13;400;7.95;11.01;42.10;7.95;188.6;134.2;1.01;7.03
C35;0.6;35;4.0;13;400;7.02;9.09;28.46;7.02;166.5;101.3;1.01;7.03
C35;0.8;35;4.0;13;400;6.44;7.94;21.65;6.44;152.8;82.8;1.01;7.03
C35;1.0;35;4.0;13;400;6.02;7.17;17.56;6.02;142.8;70.9;1.01;7.03
C35;1.2;35;4.0;13;400;5.70;6.59;14.83;5.70;135.2;62.4;1.01;7.03
C35;1.4;35;4.0;13;400;5.44;6.15;12.88;5.44;129.0;56.0;1.01;7.03
C35;1.6;35;4.0;13;400;5.23;5.79;11.42;5.23;124.1;51.0;1.01;7.03
C35;1.8;35;4.0;13;400;5.05;5.49;10.29;5.05;119.8;46.9;1.01;7.03
C35;2.0;35;4.0;13;400;4.90;5.24;9.38;4.90;116.2;43.5;1.01;7.03
C35;2.2;35;4.0;13;400;4.77;5.02;8.63;4.77;113.1;40.7;1.01;7.03
C35;2.4;35;4.0;13;400;4.65;4.83;8.01;4.65;110.3;38.2;1.01;7.03
C35;2.6;35;4.0;13;400;4.54;4.67;7.49;4.54;107.7;36.1;1.01;7.03
C35;2.8;35;4.0;13;400;4.44;4.52;7.04;4.44;105.3;34.3;1.01;7.03
C35;3.0;35;4.0;13;400;4.36;4.38;6.65;4.36;103.4;32.6;1.01;7.03
C35;3.2;35;4.0;13;400;4.26;4.26;6.31;4.28;101.0;31.3;1.01;7.03
C35;3.4;35;4.0;13;400;4.15;4.15;6.01;4.20;98.4;30.2;1.01;7.03
C35;3.6;35;4.0;13;400;4.05;4.05;5.74;4.13;96.1;29.3;1.01;7.03
C35;3.8;35;4.0;13;400;3.96;3.96;5.50;4.07;93.9;28.4;1.01;7.03
C35;4.0;35;4.0;13;400;3.88;3.88;5.29;4.01;92.0;27.5;1.01;7.03
C35;4.2;35;4.0;13;400;3.80;3.80;5.09;3.96;90.1;26.7;1.01;7.03
C35;4.4;35;4.0;13;400;3.72;3.72;4.92;3.91;88.2;26.1;1.01;7.03
C35;4.6;35;4.0;13;400;3.66;3.66;4.75;3.86;86.8;25.3;1.01;7.03
C35;4.8;35;4.0;13;400;3.59;3.59;4.61;3.81;85.2;24.8;1.01;7.03
C35;5.0;35;4.0;13;400;3.53;3.53;4.47;3.77;83.7;24.2;1.01;7.03
C40;0.4;40;4.0;14;420;8.14;11.72;42.10;8.14;193.1;131.1;1.01;7.03
C40;0.6;40;4.0;14;420;7.18;9.67;28.47;7.18;170.3;99.1;1.01;7.03
C40;0.8;40;4.0;14;420;6.58;8.45;21.65;6.58;156.1;81.1;1.01;7.03
C40;1.0;40;4.0;14;420;6.15;7.62;17.56;6.15;145.9;69.4;1.01;7.03
C40;1.2;40;4.0;14;420;5.83;7.01;14.83;5.83;138.3;61.0;1.01;7.03
C40;1.4;40;4.0;14;420;5.56;6.53;12.88;5.56;131.9;54.8;1.01;7.03
C40;1.6;40;4.0;14;420;5.35;6.14;11.42;5.35;126.9;49.9;1.01;7.03
C40;1.8;40;4.0;14;420;5.17;5.83;10.29;5.17;122.6;45.9;1.01;7.03
C40;2.0;40;4.0;14;420;5.01;5.56;9.38;5.01;118.8;42.6;1.01;7.03
C40;2.2;40;4.0;14;420;4.87;5.33;8.63;4.87;115.5;39.8;1.01;7.03
C40;2.4;40;4.0;14;420;4.75;5.12;8.01;4.75;112.7;37.4;1.01;7.03
C40;2.6;40;4.0;14;420;4.64;4.95;7.49;4.64;110.1;35.4;1.01;7.03
C40;2.8;40;4.0;14;420;4.54;4.79;7.04;4.54;107.7;33.6;1.01;7.03
C40;3.0;40;4.0;14;420;4.45;4.65;6.65;4.45;105.6;32.0;1.01;7.03
C40;3.2;40;4.0;14;420;4.37;4.52;6.31;4.37;103.7;30.5;1.01;7.03
C40;3.4;40;4.0;14;420;4.29;4.40;6.01;4.29;101.8;29.3;1.01;7.03
C40;3.6;40;4.0;14;420;4.22;4.29;5.74;4.22;100.1;28.1;1.01;7.03
C40;3.8;40;4.0;14;420;4.16;4.19;5.50;4.16;98.7;27.0;1.01;7.03
C40;4.0;40;4.0;14;420;4.10;4.10;5.29;4.10;97.2;26.0;1.01;7.03
C40;4.2;40;4.0;14;420;4.02;4.02;5.09;4.04;95.4;25.3;1.01;7.03
C40;4.4;40;4.0;14;420;3.94;3.94;4.92;3.99;93.5;24.6;1.01;7.03
C40;4.6;40;4.0;14;420;3.87;3.87;4.75;3.94;91.8;24.0;1.01;7.03
C40;4.8;40;4.0;14;420;3.80;3.80;4.61;3.89;90.1;23.4;1.01;7.03
C40;5.0;40;4.0;14;420;3.73;3.73;4.47;3.85;88.5;22.9;1.01;7.03
C45;0.4;45;4.0;15;440;8.31;12.40;42.11;8.31;197.1;128.5;1.01;7.04
C45;0.6;45;4.0;15;440;7.34;10.22;28.47;7.34;174.1;97.0;1.01;7.04
C45;0.8;45;4.0;15;440;6.72;8.93;21.65;6.72;159.4;79.5;1.01;7.04
C45;1.0;45;4.0;15;440;6.28;8.04;17.56;6.28;149.0;68.0;1.01;7.04
C45;1.2;45;4.0;15;440;5.95;7.39;14.83;5.95;141.1;59.8;1.01;7.04
C45;1.4;45;4.0;15;440;5.68;6.89;12.89;5.68;134.7;53.7;1.01;7.04
C45;1.6;45;4.0;15;440;5.46;6.48;11.42;5.46;129.5;48.9;1.01;7.04
C45;1.8;45;4.0;15;440;5.27;6.14;10.29;5.27;125.0;45.0;1.01;7.04
C45;2.0;45;4.0;15;440;5.11;5.86;9.38;5.11;121.2;41.8;1.01;7.04
C45;2.2;45;4.0;15;440;4.97;5.61;8.64;4.97;117.9;39.1;1.01;7.04
C45;2.4;45;4.0;15;440;4.84;5.40;8.02;4.84;114.8;36.8;1.01;7.04
C45;2.6;45;4.0;15;440;4.73;5.21;7.49;4.73;112.2;34.7;1.01;7.04
C45;2.8;45;4.0;15;440;4.63;5.04;7.04;4.63;109.8;32.9;1.01;7.04
C45;3.0;45;4.0;15;440;4.54;4.89;6.65;4.54;107.7;31.4;1.01;7.04
C45;3.2;45;4.0;15;440;4.46;4.75;6.31;4.46;105.8;29.9;1.01;7.04
C45;3.4;45;4.0;15;440;4.38;4.63;6.01;4.38;103.9;28.7;1.01;7.04
C45;3.6;45;4.0;15;440;4.31;4.52;5.74;4.31;102.2;27.5;1.01;7.04
C45;3.8;45;4.0;15;440;4.24;4.41;5.50;4.24;100.6;26.5;1.01;7.04
C45;4.0;45;4.0;15;440;4.18;4.32;5.29;4.18;99.1;25.5;1.01;7.04
C45;4.2;45;4.0;15;440;4.12;4.23;5.09;4.12;97.7;24.7;1.01;7.04
C45;4.4;45;4.0;15;440;4.07;4.14;4.92;4.07;96.5;23.9;1.01;7.04
C45;4.6;45;4.0;15;440;4.02;4.06;4.75;4.02;95.4;23.1;1.01;7.04
C45;4.8;45;4.0;15;440;3.97;3.99;4.61;3.97;94.2;22.4;1.01;7.04
C45;5.0;45;4.0;15;440;3.92;3.92;4.47;3.92;93.0;21.8;1.01;7.04
C50;0.4;50;4.0;16;460;8.48;13.03;42.12;8.48;201.1;126.0;1.01;7.04
C50;0.6;50;4.0;16;460;7.48;10.74;28.48;7.48;177.4;95.2;1.01;7.04
C50;0.8;50;4.0;16;460;6.85;9.38;21.66;6.85;162.5;78.0;1.01;7.04
C50;1.0;50;4.0;16;460;6.41;8.45;17.56;6.41;152.0;66.7;1.01;7.04
C50;1.2;50;4.0;16;460;6.06;7.76;14.84;6.06;143.7;58.8;1.01;7.04
C50;1.4;50;4.0;16;460;5.79;7.23;12.89;5.79;137.3;52.7;1.01;7.04
C50;1.6;50;4.0;16;460;5.56;6.80;11.43;5.56;131.9;48.0;1.01;7.04
C50;1.8;50;4.0;16;460;5.37;6.44;10.29;5.37;127.4;44.2;1.01;7.04
C50;2.0;50;4.0;16;460;5.21;6.14;9.38;5.21;123.6;41.0;1.01;7.04
C50;2.2;50;4.0;16;460;5.06;5.88;8.64;5.06;120.0;38.4;1.01;7.04
C50;2.4;50;4.0;16;460;4.94;5.66;8.02;4.94;117.2;36.0;1.01;7.04
C50;2.6;50;4.0;16;460;4.82;5.46;7.49;4.82;114.3;34.1;1.01;7.04
C50;2.8;50;4.0;16;460;4.72;5.28;7.04;4.72;112.0;32.3;1.01;7.04
C50;3.0;50;4.0;16;460;4.63;5.12;6.65;4.63;109.8;30.8;1.01;7.04
C50;3.2;50;4.0;16;460;4.54;4.98;6.31;4.54;107.7;29.4;1.01;7.04
C50;3.4;50;4.0;16;460;4.46;4.85;6.01;4.46;105.8;28.2;1.01;7.04
C50;3.6;50;4.0;16;460;4.39;4.73;5.74;4.39;104.1;27.0;1.01;7.04
C50;3.8;50;4.0;16;460;4.32;4.62;5.50;4.32;102.5;26.0;1.01;7.04
C50;4.0;50;4.0;16;460;4.26;4.52;5.29;4.26;101.0;25.1;1.01;7.04
C50;4.2;50;4.0;16;460;4.20;4.42;5.09;4.20;99.6;24.2;1.01;7.04
C50;4.4;50;4.0;16;460;4.14;4.33;4.92;4.14;98.2;23.5;1.01;7.04
C50;4.6;50;4.0;16;460;4.09;4.25;4.76;4.09;97.0;22.7;1.01;7.04
C50;4.8;50;4.0;16;460;4.04;4.17;4.61;4.04;95.8;22.0;1.01;7.04
C50;5.0;50;4.0;16;460;4.00;4.10;4.47;4.00;94.9;21.4;1.01;7.04
D18;0.4;18;3.4;9.5;475;7.22;8.09;36.00;7.22;171.3;148.1;1.01;7.05
D18;0.6;18;3.4;9.5;475;6.39;6.70;24.40;6.39;151.6;111.5;1.01;7.05
D18;0.8;18;3.4;9.5;475;5.86;5.88;18.60;5.86;139.0;91.2;1.01;7.05
D18;1.0;18;3.4;9.5;475;5.32;5.32;15.12;5.48;126.2;80.4;1.01;7.05
D18;1.2;18;3.4;9.5;475;4.91;4.91;12.80;5.19;116.5;72.6;1.01;7.05
D18;1.4;18;3.4;9.5;475;4.58;4.58;11.14;4.96;108.6;66.7;1.01;7.05
D18;1.6;18;3.4;9.5;475;4.33;4.33;9.90;4.77;102.7;61.7;1.01;7.05
D18;1.8;18;3.4;9.5;475;4.11;4.11;8.93;4.61;97.5;57.8;1.01;7.05
D18;2.0;18;3.4;9.5;475;3.93;3.93;8.16;4.47;93.2;54.4;1.01;7.05
D18;2.2;18;3.4;9.5;475;3.77;3.77;7.52;4.35;89.4;51.6;1.01;7.05
D18;2.4;18;3.4;9.5;475;3.64;3.64;7.00;4.24;86.3;48.9;1.01;7.05
D18;2.6;18;3.4;9.5;475;3.52;3.52;6.55;4.15;83.5;46.7;1.01;7.05
D18;2.8;18;3.4;9.5;475;3.41;3.41;6.17;4.06;80.9;44.8;1.01;7.05
D18;3.0;18;3.4;9.5;475;3.32;3.32;5.84;3.98;78.7;42.9;1.01;7.05
D18;3.2;18;3.4;9.5;475;3.23;3.23;5.55;3.91;76.6;41.4;1.01;7.05
D18;3.4;18;3.4;9.5;475;3.15;3.15;5.29;3.85;74.7;39.9;1.01;7.05
D18;3.6;18;3.4;9.5;475;3.08;3.08;5.06;3.78;73.1;38.6;1.01;7.05
D18;3.8;18;3.4;9.5;475;3.01;3.01;4.86;3.73;71.4;37.4;1.01;7.05
D18;4.0;18;3.4;9.5;475;2.95;2.95;4.68;3.67;70.0;36.2;1.01;7.05
D18;4.2;18;3.4;9.5;475;2.89;2.89;4.51;3.62;68.5;35.2;1.01;7.05
D18;4.4;18;3.4;9.5;475;2.84;2.84;4.36;3.58;67.4;34.2;1.01;7.05
D18;4.6;18;3.4;9.5;475;2.79;2.79;4.22;3.53;66.2;33.3;1.01;7.05
D18;4.8;18;3.4;9.5;475;2.75;2.75;4.10;3.49;65.2;32.4;1.01;7.05
D18;5.0;18;3.4;9.5;475;2.70;2.70;3.98;3.45;64.0;31.7;1.01;7.05
D24;0.4;24;4.0;10;485;7.34;9.24;42.12;7.34;174.1;145.7;1.01;7.05
D24;0.6;24;4.0;10;485;6.49;7.64;28.48;6.49;153.9;109.8;1.01;7.05
D24;0.8;24;4.0;10;485;5.95;6.69;21.66;5.95;141.1;89.9;1.01;7.05
D24;1.0;24;4.0;10;485;5.56;6.05;17.57;5.56;131.9;76.9;1.01;7.05
D24;1.2;24;4.0;10;485;5.27;5.57;14.84;5.27;125.0;67.6;1.01;7.05
D24;1.4;24;4.0;10;485;5.04;5.20;12.89;5.04;119.5;60.6;1.01;7.05
D24;1.6;24;4.0;10;485;4.84;4.90;11.43;4.84;114.8;55.2;1.01;7.05
D24;1.8;24;4.0;10;485;4.65;4.65;10.29;4.68;110.3;51.1;1.01;7.05
D24;2.0;24;4.0;10;485;4.44;4.44;9.38;4.54;105.3;48.2;1.01;7.05
D24;2.2;24;4.0;10;485;4.26;4.26;8.64;4.42;101.0;45.6;1.01;7.05
D24;2.4;24;4.0;10;485;4.11;4.11;8.02;4.31;97.5;43.4;1.01;7.05
D24;2.6;24;4.0;10;485;3.97;3.97;7.49;4.21;94.2;41.4;1.01;7.05
D24;2.8;24;4.0;10;485;3.85;3.85;7.04;4.12;91.3;39.7;1.01;7.05
D24;3.0;24;4.0;10;485;3.74;3.74;6.65;4.04;88.7;38.1;1.01;7.05
D24;3.2;24;4.0;10;485;3.64;3.64;6.31;3.97;86.3;36.7;1.01;7.05
D24;3.4;24;4.0;10;485;3.55;3.55;6.01;3.90;84.2;35.4;1.01;7.05
D24;3.6;24;4.0;10;485;3.46;3.46;5.74;3.84;82.1;34.3;1.01;7.05
D24;3.8;24;4.0;10;485;3.39;3.39;5.50;3.78;80.4;33.2;1.01;7.05
D24;4.0;24;4.0;10;485;3.32;3.32;5.29;3.73;78.7;32.2;1.01;7.05
D24;4.2;24;4.0;10;485;3.25;3.25;5.09;3.68;77.1;31.3;1.01;7.05
D24;4.4;24;4.0;10;485;3.19;3.19;4.92;3.63;75.7;30.5;1.01;7.05
D24;4.6;24;4.0;10;485;3.13;3.13;4.76;3.58;74.2;29.7;1.01;7.05
D24;4.8;24;4.0;10;485;3.08;3.08;4.61;3.54;73.1;28.9;1.01;7.05
D24;5.0;24;4.0;10;485;3.03;3.03;4.47;3.50;71.9;28.2;1.01;7.05
D30;0.4;30;4.0;11;530;7.55;10.26;42.14;7.55;179.1;141.8;1.02;7.06
D30;0.6;30;4.0;11;530;6.68;8.47;28.49;6.68;158.4;106.9;1.02;7.06
D30;0.8;30;4.0;11;530;6.12;7.41;21.67;6.12;145.2;87.5;1.02;7.06
D30;1.0;30;4.0;11;530;5.72;6.69;17.57;5.72;135.7;74.9;1.02;7.06
D30;1.2;30;4.0;11;530;5.42;6.15;14.84;5.42;128.6;65.9;1.02;7.06
D30;1.4;30;4.0;11;530;5.18;5.74;12.89;5.18;122.9;59.1;1.02;7.06
D30;1.6;30;4.0;11;530;4.98;5.41;11.43;4.98;118.1;53.8;1.02;7.06
D30;1.8;30;4.0;11;530;4.81;5.13;10.29;4.81;114.1;49.5;1.02;7.06
D30;2.0;30;4.0;11;530;4.67;4.90;9.38;4.67;110.8;45.9;1.02;7.06
D30;2.2;30;4.0;11;530;4.54;4.70;8.64;4.54;107.7;42.9;1.02;7.06
D30;2.4;30;4.0;11;530;4.43;4.52;8.02;4.43;105.1;40.3;1.02;7.06
D30;2.6;30;4.0;11;530;4.33;4.37;7.49;4.33;102.7;38.0;1.02;7.06
D30;2.8;30;4.0;11;530;4.23;4.23;7.04;4.24;100.3;36.2;1.02;7.06
D30;3.0;30;4.0;11;530;4.11;4.11;6.65;4.15;97.5;34.7;1.02;7.06
D30;3.2;30;4.0;11;530;4.00;4.00;6.31;4.08;94.9;33.5;1.02;7.06
D30;3.4;30;4.0;11;530;3.89;3.89;6.01;4.01;92.3;32.4;1.02;7.06
D30;3.6;30;4.0;11;530;3.80;3.80;5.75;3.94;90.1;31.3;1.02;7.06
D30;3.8;30;4.0;11;530;3.71;3.71;5.51;3.88;88.0;30.4;1.02;7.06
D30;4.0;30;4.0;11;530;3.64;3.64;5.29;3.83;86.3;29.4;1.02;7.06
D30;4.2;30;4.0;11;530;3.56;3.56;5.10;3.78;84.4;28.6;1.02;7.06
D30;4.4;30;4.0;11;530;3.49;3.49;4.92;3.73;82.8;27.9;1.02;7.06
D30;4.6;30;4.0;11;530;3.43;3.43;4.76;3.68;81.4;27.1;1.02;7.06
D30;4.8;30;4.0;11;530;3.37;3.37;4.61;3.64;79.9;26.5;1.02;7.06
D30;5.0;30;4.0;11;530;3.31;3.31;4.47;3.60;78.5;25.9;1.02;7.06
D35;0.4;35;4.0;12;540;7.76;11.03;42.14;7.76;184.1;138.0;1.02;7.06
D35;0.6;35;4.0;12;540;6.85;9.10;28.49;6.85;162.5;104.2;1.02;7.06
D35;0.8;35;4.0;12;540;6.28;7.95;21.67;6.28;149.0;85.3;1.02;7.06
D35;1.0;35;4.0;12;540;5.88;7.17;17.57;5.88;139.5;72.9;1.02;7.06
D35;1.2;35;4.0;12;540;5.56;6.60;14.84;5.56;131.9;64.2;1.02;7.06
D35;1.4;35;4.0;12;540;5.32;6.15;12.89;5.32;126.2;57.5;1.02;7.06
D35;1.6;35;4.0;12;540;5.11;5.79;11.43;5.11;121.2;52.4;1.02;7.06
D35;1.8;35;4.0;12;540;4.94;5.49;10.29;4.94;117.2;48.2;1.02;7.06
D35;2.0;35;4.0;12;540;4.79;5.24;9.38;4.79;113.6;44.7;1.02;7.06
D35;2.2;35;4.0;12;540;4.66;5.02;8.64;4.66;110.5;41.8;1.02;7.06
D35;2.4;35;4.0;12;540;4.54;4.84;8.02;4.54;107.7;39.3;1.02;7.06
D35;2.6;35;4.0;12;540;4.44;4.67;7.50;4.44;105.3;37.1;1.02;7.06
D35;2.8;35;4.0;12;540;4.34;4.52;7.05;4.34;102.9;35.3;1.02;7.06
D35;3.0;35;4.0;12;540;4.26;4.39;6.66;4.26;101.0;33.5;1.02;7.06
D35;3.2;35;4.0;12;540;4.18;4.27;6.31;4.18;99.1;32.0;1.02;7.06
D35;3.4;35;4.0;12;540;4.11;4.16;6.01;4.11;97.5;30.7;1.02;7.06
D35;3.6;35;4.0;12;540;4.04;4.06;5.75;4.04;95.8;29.5;1.02;7.06
D35;3.8;35;4.0;12;540;3.96;3.96;5.51;3.98;93.9;28.5;1.02;7.06
D35;4.0;35;4.0;12;540;3.88;3.88;5.29;3.92;92.0;27.6;1.02;7.06
D35;4.2;35;4.0;12;540;3.80;3.80;5.10;3.87;90.1;26.8;1.02;7.06
D35;4.4;35;4.0;12;540;3.73;3.73;4.92;3.82;88.5;26.1;1.02;7.06
D35;4.6;35;4.0;12;540;3.66;3.66;4.76;3.77;86.8;25.4;1.02;7.06
D35;4.8;35;4.0;12;540;3.59;3.59;4.61;3.73;85.2;24.9;1.02;7.06
D35;5.0;35;4.0;12;540;3.53;3.53;4.47;3.68;83.7;24.3;1.02;7.06
D40;0.4;40;4.0;13;560;7.95;11.74;42.15;7.95;188.6;134.8;1.02;7.06
D40;0.6;40;4.0;13;560;7.02;9.69;28.50;7.02;166.5;101.8;1.02;7.06
D40;0.8;40;4.0;13;560;6.44;8.46;21.67;6.44;152.8;83.2;1.02;7.06
D40;1.0;40;4.0;13;560;6.02;7.63;17.58;6.02;142.8;71.2;1.02;7.06
D40;1.2;40;4.0;13;560;5.70;7.01;14.85;5.70;135.2;62.7;1.02;7.06
D40;1.4;40;4.0;13;560;5.44;6.53;12.90;5.44;129.0;56.3;1.02;7.06
D40;1.6;40;4.0;13;560;5.23;6.15;11.43;5.23;124.1;51.2;1.02;7.06
D40;1.8;40;4.0;13;560;5.05;5.83;10.30;5.05;119.8;47.2;1.02;7.06
D40;2.0;40;4.0;13;560;4.90;5.56;9.39;4.90;116.2;43.7;1.02;7.06
D40;2.2;40;4.0;13;560;4.77;5.33;8.64;4.77;113.1;40.8;1.02;7.06
D40;2.4;40;4.0;13;560;4.65;5.13;8.02;4.65;110.3;38.4;1.02;7.06
D40;2.6;40;4.0;13;560;4.54;4.95;7.50;4.54;107.7;36.3;1.02;7.06
D40;2.8;40;4.0;13;560;4.44;4.79;7.05;4.44;105.3;34.5;1.02;7.06
D40;3.0;40;4.0;13;560;4.36;4.65;6.66;4.36;103.4;32.8;1.02;7.06
D40;3.2;40;4.0;13;560;4.28;4.52;6.31;4.28;101.5;31.3;1.02;7.06
D40;3.4;40;4.0;13;560;4.20;4.40;6.01;4.20;99.6;30.0;1.02;7.06
D40;3.6;40;4.0;13;560;4.13;4.29;5.75;4.13;98.0;28.8;1.02;7.06
D40;3.8;40;4.0;13;560;4.07;4.20;5.51;4.07;96.5;27.7;1.02;7.06
D40;4.0;40;4.0;13;560;4.01;4.10;5.29;4.01;95.1;26.7;1.02;7.06
D40;4.2;40;4.0;13;560;3.96;4.02;5.10;3.96;93.9;25.8;1.02;7.06
D40;4.4;40;4.0;13;560;3.91;3.94;4.92;3.91;92.7;24.9;1.02;7.06
D40;4.6;40;4.0;13;560;3.86;3.87;4.76;3.86;91.6;24.1;1.02;7.06
D40;4.8;40;4.0;13;560;3.80;3.80;4.61;3.81;90.1;23.5;1.02;7.06
D40;5.0;40;4.0;13;560;3.73;3.73;4.47;3.77;88.5;23.0;1.02;7.06
D50;0.4;50;4.0;14;620;8.14;13.06;42.17;8.14;193.1;131.9;1.02;7.08
D50;0.6;50;4.0;14;620;7.18;10.76;28.51;7.18;170.3;99.7;1.02;7.08
D50;0.8;50;4.0;14;620;6.58;9.39;21.68;6.58;156.1;81.6;1.02;7.08
D50;1.0;50;4.0;14;620;6.15;8.46;17.58;6.15;145.9;69.8;1.02;7.08
D50;1.2;50;4.0;14;620;5.83;7.77;14.85;5.83;138.3;61.4;1.02;7.08
D50;1.4;50;4.0;14;620;5.56;7.24;12.90;5.56;131.9;55.2;1.02;7.08
D50;1.6;50;4.0;14;620;5.35;6.80;11.44;5.35;126.9;50.2;1.02;7.08
D50;1.8;50;4.0;14;620;5.17;6.45;10.30;5.17;122.6;46.1;1.02;7.08
D50;2.0;50;4.0;14;620;5.01;6.15;9.39;5.01;118.8;42.9;1.02;7.08
D50;2.2;50;4.0;14;620;4.87;5.89;8.64;4.87;115.5;40.1;1.02;7.08
D50;2.4;50;4.0;14;620;4.75;5.66;8.02;4.75;112.7;37.7;1.02;7.08
D50;2.6;50;4.0;14;620;4.64;5.46;7.50;4.64;110.1;35.6;1.02;7.08
D50;2.8;50;4.0;14;620;4.54;5.29;7.05;4.54;107.7;33.8;1.02;7.08
D50;3.0;50;4.0;14;620;4.45;5.13;6.66;4.45;105.6;32.2;1.02;7.08
D50;3.2;50;4.0;14;620;4.37;4.98;6.32;4.37;103.7;30.7;1.02;7.08
D50;3.4;50;4.0;14;620;4.29;4.85;6.02;4.29;101.8;29.4;1.02;7.08
D50;3.6;50;4.0;14;620;4.22;4.73;5.75;4.22;100.1;28.3;1.02;7.08
D50;3.8;50;4.0;14;620;4.16;4.62;5.51;4.16;98.7;27.2;1.02;7.08
D50;4.0;50;4.0;14;620;4.10;4.52;5.29;4.10;97.2;26.2;1.02;7.08
D50;4.2;50;4.0;14;620;4.04;4.42;5.10;4.04;95.8;25.3;1.02;7.08
D50;4.4;50;4.0;14;620;3.99;4.34;4.92;3.99;94.6;24.5;1.02;7.08
D50;4.6;50;4.0;14;620;3.94;4.25;4.76;3.94;93.5;23.7;1.02;7.08
D50;4.8;50;4.0;14;620;3.89;4.18;4.61;3.89;92.3;23.0;1.02;7.08
D50;5.0;50;4.0;14;620;3.85;4.10;4.47;3.85;91.3;22.3;1.02;7.08
D60;0.4;60;4.5;17;700;8.64;14.25;47.29;8.64;204.9;124.5;1.02;7.09
D60;0.6;60;4.5;17;700;7.62;11.73;31.92;7.62;180.7;94.1;1.02;7.09
D60;0.8;60;4.5;17;700;6.98;10.23;24.24;6.98;165.6;77.1;1.02;7.09
D60;1.0;60;4.5;17;700;6.52;9.21;19.63;6.52;154.6;66.0;1.02;7.09
D60;1.2;60;4.5;17;700;6.18;8.45;16.56;6.18;146.6;58.0;1.02;7.09
D60;1.4;60;4.5;17;700;5.90;7.87;14.36;5.90;139.9;52.1;1.02;7.09
D60;1.6;60;4.5;17;700;5.67;7.40;12.72;5.67;134.5;47.4;1.02;7.09
D60;1.8;60;4.5;17;700;5.47;7.01;11.44;5.47;129.7;43.7;1.02;7.09
D60;2.0;60;4.5;17;700;5.30;6.68;10.41;5.30;125.7;40.6;1.02;7.09
D60;2.2;60;4.5;17;700;5.16;6.39;9.58;5.16;122.4;37.9;1.02;7.09
D60;2.4;60;4.5;17;700;5.03;6.15;8.88;5.03;119.3;35.7;1.02;7.09
D60;2.6;60;4.5;17;700;4.91;5.93;8.29;4.91;116.5;33.7;1.02;7.09
D60;2.8;60;4.5;17;700;4.80;5.73;7.78;4.80;113.9;32.0;1.02;7.09
D60;3.0;60;4.5;17;700;4.71;5.56;7.34;4.71;111.7;30.5;1.02;7.09
D60;3.2;60;4.5;17;700;4.62;5.40;6.96;4.62;109.6;29.1;1.02;7.09
D60;3.4;60;4.5;17;700;4.54;5.26;6.62;4.54;107.7;27.9;1.02;7.09
D60;3.6;60;4.5;17;700;4.47;5.13;6.32;4.47;106.0;26.7;1.02;7.09
D60;3.8;60;4.5;17;700;4.40;5.00;6.05;4.40;104.4;25.7;1.02;7.09
D60;4.0;60;4.5;17;700;4.33;4.89;5.80;4.33;102.7;24.9;1.02;7.09
D60;4.2;60;4.5;17;700;4.27;4.79;5.59;4.27;101.3;24.0;1.02;7.09
D60;4.4;60;4.5;17;700;4.22;4.69;5.39;4.22;100.1;23.2;1.02;7.09
D60;4.6;60;4.5;17;700;4.16;4.60;5.20;4.16;98.7;22.5;1.02;7.09
D60;4.8;60;4.5;17;700;4.11;4.52;5.04;4.11;97.5;21.8;1.02;7.09
D60;5.0;60;4.5;17;700;4.06;4.44;4.88;4.06;96.3;21.2;1.02;7.09
D70;0.4;70;5.0;20;900;9.09;15.37;52.45;9.09;215.6;119.1;1.03;7.13
D70;0.6;70;5.0;20;900;8.02;12.64;35.36;8.02;190.2;90.0;1.03;7.13
D70;0.8;70;5.0;20;900;7.34;11.01;26.82;7.34;174.1;73.7;1.03;7.13
D70;1.0;70;5.0;20;900;6.85;9.91;21.69;6.85;162.5;63.2;1.03;7.13
D70;1.2;70;5.0;20;900;6.49;9.09;18.28;6.49;153.9;55.6;1.03;7.13
D70;1.4;70;5.0;20;900;6.19;8.46;15.84;6.19;146.8;50.0;1.03;7.13
D70;1.6;70;5.0;20;900;5.95;7.95;14.01;5.95;141.1;45.5;1.03;7.13
D70;1.8;70;5.0;20;900;5.74;7.53;12.58;5.74;136.1;41.9;1.03;7.13
D70;2.0;70;5.0;20;900;5.56;7.17;11.44;5.56;131.9;38.9;1.03;7.13
D70;2.2;70;5.0;20;900;5.41;6.86;10.51;5.41;128.3;36.4;1.03;7.13
D70;2.4;70;5.0;20;900;5.27;6.59;9.74;5.27;125.0;34.2;1.03;7.13
D70;2.6;70;5.0;20;900;5.15;6.36;9.08;5.15;122.2;32.3;1.03;7.13
D70;2.8;70;5.0;20;900;5.04;6.15;8.52;5.04;119.5;30.7;1.03;7.13
D70;3.0;70;5.0;20;900;4.94;5.96;8.03;4.94;117.2;29.2;1.03;7.13
D70;3.2;70;5.0;20;900;4.84;5.79;7.60;4.84;114.8;28.0;1.03;7.13
D70;3.4;70;5.0;20;900;4.76;5.63;7.22;4.76;112.9;26.8;1.03;7.13
D70;3.6;70;5.0;20;900;4.68;5.49;6.89;4.68;111.0;25.7;1.03;7.13
D70;3.8;70;5.0;20;900;4.61;5.36;6.59;4.61;109.3;24.7;1.03;7.13
D70;4.0;70;5.0;20;900;4.54;5.24;6.32;4.54;107.7;23.8;1.03;7.13
D70;4.2;70;5.0;20;900;4.48;5.13;6.08;4.48;106.3;23.0;1.03;7.13
D70;4.4;70;5.0;20;900;4.42;5.02;5.85;4.42;104.8;22.3;1.03;7.13
D70;4.6;70;5.0;20;900;4.36;4.93;5.65;4.36;103.4;21.6;1.03;7.13
D70;4.8;70;5.0;20;900;4.31;4.83;5.47;4.31;102.2;20.9;1.03;7.13
D70;5.0;70;5.0;20;900;4.26;4.75;5.30;4.26;101.0;20.3;1.03;7.13
Pinus (Classe 1);0.4;35;6.0;11.0;500;7.55;11.02;62.52;7.55;179.1;141.7;1.02;7.05
Pinus (Classe 1);0.6;35;6.0;11.0;500;6.68;9.10;42.08;6.68;158.4;106.8;1.02;7.05
Pinus (Classe 1);0.8;35;6.0;11.0;500;6.12;7.95;31.86;6.12;145.2;87.4;1.02;7.05
Pinus (Classe 1);1.0;35;6.0;11.0;500;5.72;7.17;25.73;5.72;135.7;74.8;1.02;7.05
Pinus (Classe 1);1.2;35;6.0;11.0;500;5.42;6.60;21.64;5.42;128.6;65.8;1.02;7.05
Pinus (Classe 1);1.4;35;6.0;11.0;500;5.18;6.15;18.72;5.18;122.9;59.0;1.02;7.05
Pinus (Classe 1);1.6;35;6.0;11.0;500;4.98;5.79;16.53;4.98;118.1;53.7;1.02;7.05
Pinus (Classe 1);1.8;35;6.0;11.0;500;4.81;5.49;14.82;4.81;114.1;49.4;1.02;7.05
Pinus (Classe 1);2.0;35;6.0;11.0;500;4.67;5.24;13.46;4.67;110.8;45.8;1.02;7.05
Pinus (Classe 1);2.2;35;6.0;11.0;500;4.54;5.02;12.35;4.54;107.7;42.8;1.02;7.05
Pinus (Classe 1);2.4;35;6.0;11.0;500;4.43;4.83;11.42;4.43;105.1;40.2;1.02;7.05
Pinus (Classe 1);2.6;35;6.0;11.0;500;4.33;4.67;10.63;4.33;102.7;38.0;1.02;7.05
Pinus (Classe 1);2.8;35;6.0;11.0;500;4.24;4.52;9.96;4.24;100.6;36.0;1.02;7.05
Pinus (Classe 1);3.0;35;6.0;11.0;500;4.15;4.39;9.37;4.15;98.4;34.4;1.02;7.05
Pinus (Classe 1);3.2;35;6.0;11.0;500;4.08;4.27;8.86;4.08;96.8;32.8;1.02;7.05
Pinus (Classe 1);3.4;35;6.0;11.0;500;4.01;4.16;8.41;4.01;95.1;31.4;1.02;7.05
Pinus (Classe 1);3.6;35;6.0;11.0;500;3.94;4.06;8.01;3.94;93.5;30.2;1.02;7.05
Pinus (Classe 1);3.8;35;6.0;11.0;500;3.88;3.96;7.65;3.88;92.0;29.0;1.02;7.05
Pinus (Classe 1);4.0;35;6.0;11.0;500;3.83;3.88;7.33;3.83;90.8;27.9;1.02;7.05
Pinus (Classe 1);4.2;35;6.0;11.0;500;3.78;3.80;7.04;3.78;89.7;27.0;1.02;7.05
Pinus (Classe 1);4.4;35;6.0;11.0;500;3.73;3.73;6.77;3.73;88.5;26.1;1.02;7.05
Pinus (Classe 1);4.6;35;6.0;11.0;500;3.66;3.66;6.53;3.68;86.8;25.4;1.02;7.05
Pinus (Classe 1);4.8;35;6.0;11.0;500;3.59;3.59;6.31;3.64;85.2;24.8;1.02;7.05
Pinus (Classe 1);5.0;35;6.0;11.0;500;3.53;3.53;6.10;3.60;83.7;24.2;1.02;7.05
Pinus (Classe 2);0.4;27;3.5;8.0;400;6.85;9.75;37.00;6.85;162.5;155.7;1.01;7.03
Pinus (Classe 2);0.6;27;3.5;8.0;400;6.06;8.06;25.07;6.06;143.7;117.3;1.01;7.03
Pinus (Classe 2);0.8;27;3.5;8.0;400;5.56;7.05;19.10;5.56;131.9;95.9;1.01;7.03
Pinus (Classe 2);1.0;27;3.5;8.0;400;5.21;6.37;15.52;5.21;123.6;81.9;1.01;7.03
Pinus (Classe 2);1.2;27;3.5;8.0;400;4.94;5.86;13.13;4.94;117.2;72.0;1.01;7.03
Pinus (Classe 2);1.4;27;3.5;8.0;400;4.72;5.47;11.43;4.72;112.0;64.6;1.01;7.03
Pinus (Classe 2);1.6;27;3.5;8.0;400;4.54;5.16;10.15;4.54;107.7;58.7;1.01;7.03
Pinus (Classe 2);1.8;27;3.5;8.0;400;4.39;4.90;9.15;4.39;104.1;54.0;1.01;7.03
Pinus (Classe 2);2.0;27;3.5;8.0;400;4.26;4.67;8.36;4.26;101.0;50.1;1.01;7.03
Pinus (Classe 2);2.2;27;3.5;8.0;400;4.14;4.48;7.71;4.14;98.2;46.8;1.01;7.03
Pinus (Classe 2);2.4;27;3.5;8.0;400;4.04;4.32;7.16;4.04;95.8;44.0;1.01;7.03
Pinus (Classe 2);2.6;27;3.5;8.0;400;3.95;4.17;6.70;3.95;93.7;41.5;1.01;7.03
Pinus (Classe 2);2.8;27;3.5;8.0;400;3.87;4.04;6.31;3.87;91.8;39.4;1.01;7.03
Pinus (Classe 2);3.0;27;3.5;8.0;400;3.80;3.92;5.97;3.80;90.1;37.4;1.01;7.03
Pinus (Classe 2);3.2;27;3.5;8.0;400;3.73;3.82;5.67;3.73;88.5;35.7;1.01;7.03
Pinus (Classe 2);3.4;27;3.5;8.0;400;3.66;3.72;5.41;3.66;86.8;34.3;1.01;7.03
Pinus (Classe 2);3.6;27;3.5;8.0;400;3.61;3.63;5.18;3.61;85.6;32.8;1.01;7.03
Pinus (Classe 2);3.8;27;3.5;8.0;400;3.55;3.55;4.97;3.55;84.2;31.6;1.01;7.03
Pinus (Classe 2);4.0;27;3.5;8.0;400;3.48;3.48;4.78;3.50;82.5;30.6;1.01;7.03
Pinus (Classe 2);4.2;27;3.5;8.0;400;3.41;3.41;4.61;3.46;80.9;29.8;1.01;7.03
Pinus (Classe 2);4.4;27;3.5;8.0;400;3.34;3.34;4.45;3.41;79.2;29.0;1.01;7.03
Pinus (Classe 2);4.6;27;3.5;8.0;400;3.28;3.28;4.31;3.37;77.8;28.3;1.01;7.03
Pinus (Classe 2);4.8;27;3.5;8.0;400;3.23;3.23;4.18;3.33;76.6;27.5;1.01;7.03
Pinus (Classe 2);5.0;27;3.5;8.0;400;3.17;3.17;4.06;3.29;75.2;26.9;1.01;7.03
Pinus (Classe 3);0.4;14;2.5;5.0;350;5.95;7.19;26.79;5.95;141.1;179.0;1.01;7.02
Pinus (Classe 3);0.6;14;2.5;5.0;350;5.27;5.98;18.26;5.27;125.0;134.7;1.01;7.02
Pinus (Classe 3);0.8;14;2.5;5.0;350;4.84;5.25;13.99;4.84;114.8;110.0;1.01;7.02
Pinus (Classe 3);1.0;14;2.5;5.0;350;4.54;4.76;11.43;4.54;107.7;93.8;1.01;7.02
Pinus (Classe 3);1.2;14;2.5;5.0;350;4.31;4.39;9.73;4.31;102.2;82.4;1.01;7.02
Pinus (Classe 3);1.4;14;2.5;5.0;350;4.11;4.11;8.51;4.12;97.5;74.0;1.01;7.02
Pinus (Classe 3);1.6;14;2.5;5.0;350;3.88;3.88;7.59;3.97;92.0;68.6;1.01;7.02
Pinus (Classe 3);1.8;14;2.5;5.0;350;3.69;3.69;6.88;3.84;87.5;64.1;1.01;7.02
Pinus (Classe 3);2.0;14;2.5;5.0;350;3.54;3.54;6.31;3.73;84.0;60.2;1.01;7.02
Pinus (Classe 3);2.2;14;2.5;5.0;350;3.40;3.40;5.85;3.63;80.6;57.0;1.01;7.02
Pinus (Classe 3);2.4;14;2.5;5.0;350;3.28;3.28;5.46;3.54;77.8;54.1;1.01;7.02
Pinus (Classe 3);2.6;14;2.5;5.0;350;3.17;3.17;5.13;3.47;75.2;51.7;1.01;7.02
Pinus (Classe 3);2.8;14;2.5;5.0;350;3.08;3.08;4.85;3.40;73.1;49.4;1.01;7.02
Pinus (Classe 3);3.0;14;2.5;5.0;350;2.99;2.99;4.61;3.33;70.9;47.5;1.01;7.02
Pinus (Classe 3);3.2;14;2.5;5.0;350;2.92;2.92;4.40;3.27;69.3;45.6;1.01;7.02
Pinus (Classe 3);3.4;14;2.5;5.0;350;2.85;2.85;4.21;3.22;67.6;44.0;1.01;7.02
Pinus (Classe 3);3.6;14;2.5;5.0;350;2.79;2.79;4.04;3.17;66.2;42.4;1.01;7.02
Pinus (Classe 3);3.8;14;2.5;5.0;350;2.73;2.73;3.89;3.12;64.8;41.1;1.01;7.02
Pinus (Classe 3);4.0;14;2.5;5.0;350;2.67;2.67;3.76;3.08;63.3;39.9;1.01;7.02
Pinus (Classe 3);4.2;14;2.5;5.0;350;2.62;2.62;3.63;3.04;62.1;38.7;1.01;7.02
Pinus (Classe 3);4.4;14;2.5;5.0;350;2.58;2.58;3.52;3.00;61.2;37.5;1.01;7.02
Pinus (Classe 3);4.6;14;2.5;5.0;350;2.53;2.53;3.42;2.97;60.0;36.6;1.01;7.02
Pinus (Classe 3);4.8;14;2.5;5.0;350;2.49;2.49;3.33;2.94;59.1;35.6;1.01;7.02
Pinus (Classe 3);5.0;14;2.5;5.0;350;2.45;2.45;3.24;2.90;58.1;34.8;1.01;7.02
Eucalyptus (Classe 1);0.4;50;4;14.0;700;8.14;13.07;42.19;8.14;193.1;132.2;1.02;7.09
Eucalyptus (Classe 1);0.6;50;4;14.0;700;7.18;10.77;28.52;7.18;170.3;99.9;1.02;7.09
Eucalyptus (Classe 1);0.8;50;4;14.0;700;6.58;9.40;21.69;6.58;156.1;81.8;1.02;7.09
Eucalyptus (Classe 1);1.0;50;4;14.0;700;6.15;8.46;17.59;6.15;145.9;70.0;1.02;7.09
Eucalyptus (Classe 1);1.2;50;4;14.0;700;5.83;7.77;14.86;5.83;138.3;61.5;1.02;7.09
Eucalyptus (Classe 1);1.4;50;4;14.0;700;5.56;7.24;12.91;5.56;131.9;55.3;1.02;7.09
Eucalyptus (Classe 1);1.6;50;4;14.0;700;5.35;6.81;11.44;5.35;126.9;50.3;1.02;7.09
Eucalyptus (Classe 1);1.8;50;4;14.0;700;5.17;6.45;10.30;5.17;122.6;46.3;1.02;7.09
Eucalyptus (Classe 1);2.0;50;4;14.0;700;5.01;6.15;9.39;5.01;118.8;43.0;1.02;7.09
Eucalyptus (Classe 1);2.2;50;4;14.0;700;4.87;5.89;8.65;4.87;115.5;40.2;1.02;7.09
Eucalyptus (Classe 1);2.4;50;4;14.0;700;4.75;5.66;8.03;4.75;112.7;37.8;1.02;7.09
Eucalyptus (Classe 1);2.6;50;4;14.0;700;4.64;5.47;7.50;4.64;110.1;35.7;1.02;7.09
Eucalyptus (Classe 1);2.8;50;4;14.0;700;4.54;5.29;7.05;4.54;107.7;33.9;1.02;7.09
Eucalyptus (Classe 1);3.0;50;4;14.0;700;4.45;5.13;6.66;4.45;105.6;32.2;1.02;7.09
Eucalyptus (Classe 1);3.2;50;4;14.0;700;4.37;4.98;6.32;4.37;103.7;30.8;1.02;7.09
Eucalyptus (Classe 1);3.4;50;4;14.0;700;4.29;4.85;6.02;4.29;101.8;29.5;1.02;7.09
Eucalyptus (Classe 1);3.6;50;4;14.0;700;4.22;4.73;5.75;4.22;100.1;28.3;1.02;7.09
Eucalyptus (Classe 1);3.8;50;4;14.0;700;4.16;4.62;5.51;4.16;98.7;27.2;1.02;7.09
Eucalyptus (Classe 1);4.0;50;4;14.0;700;4.10;4.52;5.29;4.10;97.2;26.2;1.02;7.09
Eucalyptus (Classe 1);4.2;50;4;14.0;700;4.04;4.42;5.10;4.04;95.8;25.4;1.02;7.09
Eucalyptus (Classe 1);4.4;50;4;14.0;700;3.99;4.34;4.92;3.99;94.6;24.5;1.02;7.09
Eucalyptus (Classe 1);4.6;50;4;14.0;700;3.94;4.25;4.76;3.94;93.5;23.7;1.02;7.09
Eucalyptus (Classe 1);4.8;50;4;14.0;700;3.89;4.18;4.61;3.89;92.3;23.1;1.02;7.09
Eucalyptus (Classe 1);5.0;50;4;14.0;700;3.85;4.10;4.47;3.85;91.3;22.4;1.02;7.09
Eucalyptus (Classe 2);0.4;40;4;13.0;600;7.95;11.75;42.16;7.95;188.6;135.0;1.02;7.07
Eucalyptus (Classe 2);0.6;40;4;13.0;600;7.02;9.69;28.50;7.02;166.5;101.9;1.02;7.07
Eucalyptus (Classe 2);0.8;40;4;13.0;600;6.44;8.46;21.68;6.44;152.8;83.3;1.02;7.07
Eucalyptus (Classe 2);1.0;40;4;13.0;600;6.02;7.63;17.58;6.02;142.8;71.3;1.02;7.07
Eucalyptus (Classe 2);1.2;40;4;13.0;600;5.70;7.01;14.85;5.70;135.2;62.7;1.02;7.07
Eucalyptus (Classe 2);1.4;40;4;13.0;600;5.44;6.54;12.90;5.44;129.0;56.4;1.02;7.07
Eucalyptus (Classe 2);1.6;40;4;13.0;600;5.23;6.15;11.44;5.23;124.1;51.3;1.02;7.07
Eucalyptus (Classe 2);1.8;40;4;13.0;600;5.05;5.83;10.30;5.05;119.8;47.2;1.02;7.07
Eucalyptus (Classe 2);2.0;40;4;13.0;600;4.90;5.56;9.39;4.90;116.2;43.8;1.02;7.07
Eucalyptus (Classe 2);2.2;40;4;13.0;600;4.77;5.33;8.64;4.77;113.1;40.9;1.02;7.07
Eucalyptus (Classe 2);2.4;40;4;13.0;600;4.65;5.13;8.02;4.65;110.3;38.5;1.02;7.07
Eucalyptus (Classe 2);2.6;40;4;13.0;600;4.54;4.95;7.50;4.54;107.7;36.4;1.02;7.07
Eucalyptus (Classe 2);2.8;40;4;13.0;600;4.44;4.79;7.05;4.44;105.3;34.5;1.02;7.07
Eucalyptus (Classe 2);3.0;40;4;13.0;600;4.36;4.65;6.66;4.36;103.4;32.8;1.02;7.07
Eucalyptus (Classe 2);3.2;40;4;13.0;600;4.28;4.52;6.32;4.28;101.5;31.3;1.02;7.07
Eucalyptus (Classe 2);3.4;40;4;13.0;600;4.20;4.40;6.01;4.20;99.6;30.1;1.02;7.07
Eucalyptus (Classe 2);3.6;40;4;13.0;600;4.13;4.30;5.75;4.13;98.0;28.9;1.02;7.07
Eucalyptus (Classe 2);3.8;40;4;13.0;600;4.07;4.20;5.51;4.07;96.5;27.7;1.02;7.07
Eucalyptus (Classe 2);4.0;40;4;13.0;600;4.01;4.11;5.29;4.01;95.1;26.8;1.02;7.07
Eucalyptus (Classe 2);4.2;40;4;13.0;600;3.96;4.02;5.10;3.96;93.9;25.8;1.02;7.07
Eucalyptus (Classe 2);4.4;40;4;13.0;600;3.91;3.94;4.92;3.91;92.7;24.9;1.02;7.07
Eucalyptus (Classe 2);4.6;40;4;13.0;600;3.86;3.87;4.76;3.86;91.6;24.2;1.02;7.07
Eucalyptus (Classe 2);4.8;40;4;13.0;600;3.80;3.80;4.61;3.81;90.1;23.5;1.02;7.07
Eucalyptus (Classe 2);5.0;40;4;13.0;600;3.73;3.73;4.47;3.77;88.5;23.0;1.02;7.07
Eucalyptus (Classe 3);0.4;30;4;11.0;500;7.55;10.25;42.13;7.55;179.1;141.7;1.02;7.05
Eucalyptus (Classe 3);0.6;30;4;11.0;500;6.68;8.47;28.48;6.68;158.4;106.8;1.02;7.05
Eucalyptus (Classe 3);0.8;30;4;11.0;500;6.12;7.41;21.66;6.12;145.2;87.4;1.02;7.05
Eucalyptus (Classe 3);1.0;30;4;11.0;500;5.72;6.69;17.57;5.72;135.7;74.8;1.02;7.05
Eucalyptus (Classe 3);1.2;30;4;11.0;500;5.42;6.15;14.84;5.42;128.6;65.8;1.02;7.05
Eucalyptus (Classe 3);1.4;30;4;11.0;500;5.18;5.74;12.89;5.18;122.9;59.0;1.02;7.05
Eucalyptus (Classe 3);1.6;30;4;11.0;500;4.98;5.41;11.43;4.98;118.1;53.7;1.02;7.05
Eucalyptus (Classe 3);1.8;30;4;11.0;500;4.81;5.13;10.29;4.81;114.1;49.4;1.02;7.05
Eucalyptus (Classe 3);2.0;30;4;11.0;500;4.67;4.90;9.38;4.67;110.8;45.8;1.02;7.05
Eucalyptus (Classe 3);2.2;30;4;11.0;500;4.54;4.70;8.64;4.54;107.7;42.8;1.02;7.05
Eucalyptus (Classe 3);2.4;30;4;11.0;500;4.43;4.52;8.02;4.43;105.1;40.2;1.02;7.05
Eucalyptus (Classe 3);2.6;30;4;11.0;500;4.33;4.37;7.49;4.33;102.7;38.0;1.02;7.05
Eucalyptus (Classe 3);2.8;30;4;11.0;500;4.23;4.23;7.04;4.24;100.3;36.1;1.02;7.05
Eucalyptus (Classe 3);3.0;30;4;11.0;500;4.11;4.11;6.65;4.15;97.5;34.7;1.02;7.05
Eucalyptus (Classe 3);3.2;30;4;11.0;500;3.99;3.99;6.31;4.08;94.6;33.5;1.02;7.05
Eucalyptus (Classe 3);3.4;30;4;11.0;500;3.89;3.89;6.01;4.01;92.3;32.4;1.02;7.05
Eucalyptus (Classe 3);3.6;30;4;11.0;500;3.80;3.80;5.74;3.94;90.1;31.3;1.02;7.05
Eucalyptus (Classe 3);3.8;30;4;11.0;500;3.71;3.71;5.51;3.88;88.0;30.4;1.02;7.05
Eucalyptus (Classe 3);4.0;30;4;11.0;500;3.64;3.64;5.29;3.83;86.3;29.4;1.02;7.05
Eucalyptus (Classe 3);4.2;30;4;11.0;500;3.56;3.56;5.09;3.78;84.4;28.6;1.02;7.05
Eucalyptus (Classe 3);4.4;30;4;11.0;500;3.49;3.49;4.92;3.73;82.8;27.9;1.02;7.05
Eucalyptus (Classe 3);4.6;30;4;11.0;500;3.43;3.43;4.76;3.68;81.4;27.1;1.02;7.05
Eucalyptus (Classe 3);4.8;30;4;11.0;500;3.37;3.37;4.61;3.64;79.9;26.5;1.02;7.05
Eucalyptus (Classe 3);5.0;30;4;11.0;500;3.31;3.31;4.47;3.60;78.5;25.9;1.02;7.05
